

{
	"title": "Sorts for last hour",
	"container": [{
			"leftLayout": {
				"position": "ltr",
				"components": [{
						"chartName": "GuageD3"						
					}]
			},
			"rightLayout": {
				"position": "rtl",
				"components": [{
						"componentTop": {
							"options": {
								"goalValue": "23450",
								"goalFontColor": "#2ecc71"
								
							}
						},
						"componentBottom": {
							"chartName": "Line chart",
							"options": {
								"chartLabel": "Last 5 hours",
								"chartBGColor": "#f8e71c"
								
							}
						}
					}]
			}
		}]
}

