
{
	"title": "Sorts for the day",
	"container": [{
			"leftLayout": {
				"position": "ltr",
				"components": [{
						"chartName": "circular",
						"options": {
								"guageBGColor": "#bb3e53"								
						}						
					}]
			},
			"rightLayout": {
				"position": "rtl",
				"components": [{
						"componentTop": {
							"options": {
								"goalValue": "28000",
								"goalFontColor": "#2ecc71"
								
							}
						},
						"componentBottom": {
							"chartName": "Line chart",
							"options": {
								"chartLabel": "Last 5 days",
								"chartBGColor": "#870038"
								
							}
						}
					}]
			}
		}]
}

